ID,question,tags
1,What is one book you wish you had read but you don’t actually want to read?,
2,Where is the most uncomfortable place you have ever slept?,
3,"If you were in charge renaming things so that their names would be more accurate, what names would you come up with?",
4,How much of an accent do you think you have? Are you proud of it or do you wish you could lose it for a more neutral accent?,
5,What’s the best gift you’ve ever received?,
6,How well do you take criticism?,
7,Have you experienced falling down the stairs?,
8,"What is something you got really upset about, but looking back realize it was no big deal?",
9,What do you wish you had invented?,
10,How many concerts have you gone to?,
11,What awful movie do you love?,
12,Is there someone you really hate?,
13,"If your job gave you a surprise three day paid break to rest and recuperate, what would you do with those three days?",
14,What’s your favorite way to spend a rainy day?,
15,What did you believe for way too long as a child?,
16,What critically panned movie do you love?,
17,What sport would you want to play professionally?,
18,What’s the most historic thing that has happened in your lifetime?,
19,What would be the best thing you could reasonably expect to find in a cave?,
20,How would your closest friends describe you in three words?,
21,"If magic was real, what spell would you try to learn first?",
22,When was the last time you screwed anything up and no one ever noticed?,
23,What is the best way to start the day?,
24,What movie quotes do you use on a regular basis?,
25,What part of the house do you hate to clean the most?,
26,What’s the most expensive thing you’ve broken?,
27,What do you never leave home without?,
28,What fruit would you be if you were a fruit?,
29,Were you born for challenges?,
30,"If you could ask one person one question and they would answer honestly, what would you ask and who would you ask?",
31,Does my face look funny to you?,
32,What is the dumbest expression everyone seems to be using these days?,
33,What’s your favorite TV show currently on air?,
34,What is the one word you use too much?,
35,What was the darkest movie you’ve ever seen?,
36,What’s the first thing you pack during an out of the country flight?,
37,What’s your favorite place to visit?,
38,What’s the worst backhanded compliment you could give someone?,
39,What is one question you’re dying to know the answer to?,
40,How would you describe your greatest enemy?,
41,Where is your all-time dream vacation?,
42,Where is your favorite place to take a walk?,
43,What do you prioritize more: relationship or career?,
44,Which language do you wish you spoke fluently?,
45,Are you smart enough to solve 100 addition problems in 100 minutes?,
46,What song do you know by heart?,
47,What gets you motivated?,
48,What’s the most dangerous thing you’ve ever done?,
49,What is one thing that is absolutely unforgivable?,
50,Do you like movie theater popcorn with butter or without?,
51,Do you believe everything happens for a reason?,
52,What would you serve if you were to make a special dinner for the family?,
53,What is the most annoying thing people say to you a lot?,
54,What just around the corner tech are you eager to get your hands on?,
55,What job doesn’t exist now but will exist in the future?,
56,What’s the last thing on your bucket list?,
57,What do you need help with most often?,
58,What would you do if you were offered a one-minute ad slot during the Super Bowl that you couldn't sell?,
59,What innocent food do you despise?,
60,What is the bravest thing you’ve ever done?,
61,What song do you always have to sing along to?,
62,"If you were given the chance to make your one wish come true, what would it be?",
63,What is something that unnerves you but the majority people don’t seem to be bothered by?,
64,Would you rather have intelligence over looks?,
65,"When you fidget, what do you do?",
66,What’s one thing you can’t live without?,
67,What flower would you prefer if you awoke as a flower one day?,
68,What food have you never eaten but would really like to try?,
69,What’s your favorite hobby?,
70,What was the most disappointing meal you’ve ever had?,
71,What are some clever examples of misdirection you’ve seen?,
72,"What’s your best example of easy come, easy go?",
73,What is the strangest sport you’ve heard of?,
74,"When you see a homeless person, what is your first thought?",
75,What’s the silliest thing you’ve convinced someone of?,
76,Are you a collector of something?,
77,What’s the funniest thing you’ve done or had happen while your mind was wandering?,
78,What’s the most amazing true story you’ve heard?,
79,What is love?,
80,What is your favorite social media platform?,
81,What was your favorite childhood book?,
82,What’s your favorite part of your job?,
83,What makes you happy?,
84,Have you ever or would you ever dye your hair a wild color?,
85,"If money wasn’t an issue, what would you do for a living?",
86,What is your best “for the grandkids” story?,
87,What is your favorite word?,
88,What smartphone feature would you actually be excited for a company to implement?,
89,Which of the continents have you already been to?,
90,How do you feel about snakes and spiders?,
91,What game have you spent the most hours playing?,
92,What languages do you wish you could speak?,
93,What do you usually follow when making decisions: your head or your heart?,
94,What noise annoys you the most?,
95,What lifestyle change do you really want to make?,
96,"If you could talk to animals and they would understand you, but you couldn’t understand them, what would you do with that power?",
97,What do you think the people in charge at your job or school could be doing better?,
98,What’s a common experience for many people that you’ve never experienced?,
99,Do you like dipping your Oreo in milk?,
100,Do you have any “that would only happen in the movies” moments?,
101,"What outdoor activity haven’t you tried, but would like to?",
102,Which celebrity deserves to lose everything they have?,
103,What has been your hardest mental challenge?,
104,Would you move to another country for love?,
105,What is one album you could listen to for the rest of your life?,
106,What type of genre would you choose if you were an author?,
107,Which member of your family were you closest to as a child?,
108,What is your go-to meme?,
109,When was the last time you slept until noon?,
110,What do you miss the most about being a kid?,
111,"If you were hired to show tourists what life is really like where you live, what would you show them / have them do?",
112,What’s the most frustrating product you own?,
113,What was the best day of your life?,
114,What is your biggest addiction right now?,
115,What period would you travel to if you were given a time machine?,
116,How much do you trust or distrust authority figures?,
117,What is the most useless talent you possess?,
118,What does your brain try to make you do and you have to resist yourself not to do it?,
119,What is a lesson you only needed to learn once?,
120,What habits of other people you definitely find disgusting?,
121,Do you care about what other people tell you?,
122,What makes you cry?,
123,Who eats the most in the family?,
124,What do you think is the best hangover cure?,
125,What would your perfect bar look like?,
126,Whats the first app you open in the morning?,
127,Where do you get most of the decorations for your home?,
128,What do you think could be done to improve the media?,
129,What naps are the most satisfying?,
130,Do you ever think it’s OK for a waiter to spit in someone’s food?,
131,What is or was your most treasured clothing item?,
132,What are the three biggest threats facing the world?,
133,What’s your perfect night out look like?,
134,What's the biggest pimple you've ever had?,
135,What is the weirdest thing you have ever eaten?,
136,Where’s your go to restaurant for amazing food?,
137,Have you ever walked out of the cinema without finishing the movie?,
138,What’s the biggest surprise you’ve ever had?,
139,What’s your favorite holiday?,
140,What are people always surprised to discover about you?,
141,What normally delicious food gets ruined when you wrap it in a tortilla?,
142,"If cartoon physics suddenly replaced real physics, what are some things you would want to try?",
143,What is illegal that should be legal?,
144,What’s your favorite toy when you were a child?,
145,When is the last time you got extremely angry?,
146,What’s your opinion on garden gnomes or pink flamingos?,
147,Was the name of your first pet?,
148,What popular movie do you have no desire to see?,
149,"If you had a HUD that showed three stats about any person you looked at, what three stats would you want it to show?",
150,What still makes you cringe when you think back on it?,
151,"If you could spend a whole year doing anything you wanted, what would you do?",
152,What is your dream vacation?,
153,How adventurous are you when it comes to food?,
154,How well do you dance? What are some of your go to moves?,
155,Who was your biggest childhood celebrity crush?,
156,What is your favorite Winter Olympics sport?,
157,Have you recently checked out one of your bucket lists?,
158,Where do you get your news?,
159,What would you do if you knew you'd be good in a different profession?,
160,Are relationships with your friends or your family more important to you?,
161,"If you were a ghost and could possess people, what would you make them do?",
162,What location would you choose if you had the power to make it disappear?,
163,"If you are drowning, who do you think would save your life?",
164,What is your go-to karaoke song?,
165,What animal would be cutest if scaled down to the size of a cat?,
166,What is one thing you can never say no to?,
167,What’s the stupidest thing you’ve ever done?,
168,What’s your favorite sandwich spread?,
169,"If you could sit next to a famous celebrity in a restaurant, who would it be?",
170,Do you believe in astrology?,
171,It’s the year 2008 – what are you doing?,
172,Do you think that aliens exist?,
173,"If you ran the world, what rule would you enact?",
174,What’s the worst thing you’ve eaten out of politeness?,
175,What made you laugh recently?,
176,What is your ideal home aesthetic if money wasn’t an issue?,
177,Who do you think is your celebrity look-a-like?,
178,What was your favorite part about being a kid?,
179,When are you at your happiest?,
180,What is the most difficult thing in your life right now?,
181,What actor would you cast to play you in a movie?,
182,Have you ever pulled out a tooth just to get money from the tooth fairy?,
183,"What’s something that everyone knows is true, but we don’t like to admit it?",
184,Do you still believe in Santa Claus?,
185,"What movie, picture, or video always makes you laugh no matter how often you watch it?",
186,Fun Questions to Ask Strangers,
187,What has been the most flattering compliment you've ever received?,
188,Who’s your biggest role model?,
189,What really needs to be modernized?,
190,What famous person is actually making the world a better place?,
191,What scene from a movie still haunts you?,
192,What has been the worst phase in your life?,
193,"If you could rename your country or state, what would you rename it and why?",
194,What’s the best thing that happened to you this year?,
195,Which apocalyptic dystopia do you think is most likely?,
196,When was the last time you felt really embarrassed?,
197,Have you ever composed a song?,
198,What do you think the next big tech thing will be?,
199,Who is your celebrity doppelgänger?,
200,Do you prefer dogs or cats or another animal perhaps?,
201,What book have you read the most times?,
202,What animal would you want to come back as in your next life?,
203,What song always gets stuck in your head?,
204,What is the greatest risk you have ever taken?,
205,Would you rather wear shoes or slippers?,
206,Do you like to exercise regularly?,
207,What is a useless topic you know a lot about?,
208,Do you think fish ever get thirsty?,
209,What has been the most severe weather you've ever experienced?,
210,What was your favorite sitcom growing up?,
211,How forgiving are you?,
212,What songs do you know every word to?,
213,"If money and practicality weren’t a problem, what would be the most interesting way to get around town?",
214,What was your reaction when you found out you were going to be parents for the first time?,
215,What would be some of the downsides of certain superpowers?,
216,What is the best way to spend a day alone?,
217,Of you could sing a duet with someone who would it be?,
218,What’s your favorite holiday movie?,
219,Have you ever thought of what your future baby will be named?,
220,What’s the best way you or someone you know has gotten out of a ticket / trouble with the law?,
221,"Which drugs, if any, do you think should be legalized and why?",
222,What is the best color in the rainbow?,
223,Would you rather travel 100 years in the past or 100 years in the future?,
224,What’s your best personality trait?,
225,Where’s the line between soup and cereal?,
226,What is the best thing going on in your life at the moment?,
227,Do you want to change the world?,
228,Where did all of our family traditions originate?,
229,Do you hate math?,
230,What is one song that always makes you dance?,
231,What’s your best example of fake it till you make it?,
232,"What was something you really wanted as a kid but now look back on and shake your head? (For me it was wanting to live in a water tower, or an inflatable giant soda can.)",
233,"For you, what does a perfect vacation look like?",
234,What is your biggest goal for this year?,
235,What would be the click-bait titles of some popular movies?,
236,What are most people surprised to learn about you?,
237,What movie did you last watch inside the cinema?,
238,What animal is the most majestic?,
239,Is there a country you’ve really been wanting to visit?,
240,What’s something commonly done that gets progressively weirder the more you think about it?,
241,Which personality trait of yours has served you the best in life?,
242,Do you believe in zodiac signs?,
243,How often did you climb trees as a child? Did you have a tree house or fort? When was the last time you climbed a tree?,
244,What “old person” things do you do?,
245,Do you collect anything?,
246,Do you prefer book or movies with happy endings or more dramatic endings and why?,
247,What sound do you hate?,
248,Who is the first person you call when anything- good or bad- happens to you?,
249,"If you built a themed hotel, what would the theme be and what would the rooms look like?",
250,"If you lived in a virtual reality world of your own creation, what would it look like?",
251,What’s the most embarrassing story from your childhood?,
252,What songs hit you with a wave of nostalgia every time you hear them?,
253,What is something you covet?,
254,What do you probably spend too much money or time on but it is totally worth it?,
255,What is the worst punishment your parents gave you?,
256,What has been the longest plane trip you've ever taken?,
257,What’s the most amazing place in nature you’ve been?,
258,Which instrument has the funniest sound?,
259,What is worth standing in line for?,
260,What made you laughed the hardest in your life?,
261,What is the most cringe-worthy thing people post on social media?,
262,What values are most important to you?,
263,What animal would you want to have as a pet if you could choose anything?,
264,What’s the most ironic thing you’ve seen happen?,
265,What’s your weirdest pet peeve?,
266,Which would be the smartest animal if they could all talk?,
267,What life skills are rarely taught but extremely useful?,
268,What is the strangest or most interesting creature you have heard of?,
269,What’s your favorite thing to do on a lazy Sunday?,
270,Do you believe in any conspiracy theories?,
271,What is the scariest insect in the world?,
272,What are the things you love the most about yourself?,
273,What type of cuisine would you serve your customers if you own a five-star restaurant?,
274,What is something that seemed like a good idea at the time?,
275,What was the worst part about being a kid?,
276,What is the worst backhanded compliment?,
277,What foreign accent can you do really well?,
278,What was your AOL screen name?,
279,"If you were a bird, what kind of bird would you be?",
280,Would you take it if you had the opportunity to be immortal?,
281,What is one thing about you people would be surprised to know?,
282,Would you rather cook or eat at a restaurant?,
283,What time do you usually sleep?,
284,"What is a popular food ingredient, spice, or herb that you dislike?",
285,What animal or plant do you think should be renamed?,
286,What is the most stupid thing you’ve done in your entire life?,
287,What is something you stressed over that was no big deal?,
288,What would be the most unsettling thing to keep occasionally finding around your house?,
289,Are you confident to face the future?,
290,What’s something you lose all the time?,
291,What inanimate object would be the most annoying if it played loud upbeat music while being used?,
292,Where do you see yourself in 10 years?,
293,What was your biggest fish out of water experience?,
294,What’s the funniest thing you’ve seen a kid do?,
295,What is your favorite lifehack?,
296,What do you do when you hear something fall in the middle of the night while you are in bed?,
297,What job are you grossly under qualified for but think you would be pretty good at?,
298,What was the last book you read that you couldn’t put down?,
299,What cause are you super passionate about?,
300,What fictional character would you want to be friends with?,
301,How many times do you check Facebook every day?,
302,"Do you really care about the Academy Awards, or do you think they’re just dumb?",
303,What’s the weirdest crush you’ve had?,
304,What is the best thing going on in your life right now?,
305,Do you actually believe in soulmates?,
306,What’s the easiest dish to cook?,
307,What makes you nostalgic for your childhood?,
308,Which charity or charitable cause is most deserving of money?,
309,"If you could put a new idiom into common usage, what would it be?",
310,What is the weirdest text you have ever received recently?,
311,What country would you love to visit?,
312,What are the qualities you search for in other people?,
313,What family traditions have we forgotten about that you'd like to revive?,
314,What music do you usually play on a road trip?,
315,What’s the best lesson you’ve learned from a work of fiction?,
316,What’s your favorite exotic animal?,
317,Do you feel happy to be my friend?,
318,What has been your hardest physical challenge?,
319,"If you could have a Ph.D. in anything, what would it be?",
320,Who is your role model in life?,
321,Have you experienced being confined in a hospital?,
322,"If you could teach a dog one trick, what would it be?",
323,"If you could only have one superpower, what would it be?",
324,What artist or band do you always recommend when someone asks for a music recommendation?,
325,Which celebrity do you think is the most down to earth?,
326,What’s fine in small numbers but terrifying in large numbers?,
327,"If you could eat one cuisine for the rest of your life, what would it be?",
328,What tips or tricks have you picked up from your job / jobs?,
329,What did you Google last?,
330,"If you could switch lives with anyone for a day, who would it be?",
331,How good is your sense of direction? How often do you get lost?,
332,"Do you buy designer clothes, avoid them, or simply go by style / price? Why?",
333,What makes your hometown special?,
334,What’s the funniest pick up line you’ve heard?,
335,What piece of “art” would you create if you had to pretend to be an artist and submit something to a gallery?,
336,What’s a current habit that you want to quit?,
337,Do you prefer to save money for the future or spend and enjoy the present?,
338,Which of your possessions are so precious that if you dropped it in a public toilet you would reach in and grab it?,
339,What quotes do people admire but you think is a total lie?,
340,What clubs were you a part of in high school?,
341,What usually keeps you up at night when you couldn’t sleep?,
342,Do you ever believe in heroic deeds?,
343,What’s the longest rabbit hole you’ve been down?,
344,What would be the worst thing to hear as you are going under anesthesia before heart surgery?,
345,Who was your first crush?,
346,"If you were given the chance to travel back to the past, where would you go?",
347,What makes you roll your eyes every time you hear it?,
348,What habits are preventing you from achieving your goals?,
349,What word do you always misspell?,
350,What is the best prank you’ve ever pulled on someone?,
351,What is your favorite outdoor activity?,
352,How much do you think names affect the outcomes of people’s lives?,
353,What’s the best meal you’ve ever had?,
354,How much of your body would you cybernetically enhance if you could?,
355,"If you could teleport anything you want, worth two million dollars or less, anywhere you want, what would you choose and where would you teleport it?",
356,Fun Questions to Ask Your Family,
357,What is one thing you really want to accomplish before you die?,
358,What is your favorite smell?,
359,Do you have a close relationship with your parents?,
360,"What’s your “Back in my day, we…”?",
361,Who in your life has the best / worst luck?,
362,How comfortable are you being without a phone?,
363,What current trend makes no sense to you?,
364,Who do you look up to the most?,
365,What makes you happiest?,
366,What is one thing you refuse to spend money on?,
367,"If you had 24 hours to do whatever you wanted in this country, what would you like to do?",
368,Who was your childhood crush?,
369,What is the first thing you notice when you meet someone new?,
370,What would you name your yacht if you had one?,
371,What problem are you currently grappling with?,
372,What do you wish people would stop talking about already?,
373,How do you think you’d fair in prison?,
374,What makes you really angry?,
375,"Do you play video games? If so, what type of video games do you play the most? If not, why not?",
376,What’s your least favorite board game?,
377,When was the last time you’ve ever felt jealous?,
378,What do you think of the electric scooters you find in most big cities?,
379,What goal do you think humanity is not focused enough on achieving?,
380,What’s the last book you didn’t finish?,
381,What do you hate about me?,
382,Would you like to tell me a story?,
383,"If someone would let you borrow their car, where would you go?",
384,What about modern society baffles you?,
385,"If animals could talk, which animal would be the most annoying?",
386,Have you tried flirting with a stranger online?,
387,What is your favorite animated film?,
388,What critically acclaimed movie do you hate?,
389,How would you like to see the education system change?,
390,What’s your dream job?,
391,What makes you laugh no matter what?,
392,"If you were given the chance to kiss and hug someone, who would that be?",
393,How would it feel like to cry underwater?,
394,When was the last time you slept more than nine hours?,
395,What is your go-to midnight snack?,
396,Which moment of your life do you wish you had on video?,
397,"What are some weird ice cream flavors you’ve seen or heard of, would you try them?",
398,What’s the most annoying animal you’ve encountered?,
399,What do you pretend to understand but actually have no clue about?,
400,What’s the worst hairstyle you’ve ever had?,
401,What’s the most ridiculous animal on the planet?,
402,Do you ever find yourself in the same situations over and over again?,
403,Do you believe in heaven?,
404,What’s that certain thing that people always misunderstand about you?,
405,Where’s the worst-smelling place you have ever been?,
406,Do you believe that love is blind?,
407,"If you were a spice, what spice would you be?",
408,"If you were given the chance to listen to a singer or a band for the rest of your life, who/what would it be?",
409,Do you eat food that’s past its expiration date if it still smells and looks fine?,
410,Is there anything you wish you could erase from your memory?,
411,What’s your favorite day of the week?,
412,"If you could have an all-expenses paid trip to see any famous world monument, which monument would you choose?",
413,What is something your brain wants to convince you to do but you have to fight it?,
414,What is a risk worth taking?,
415,What has been your hardest goodbye in life been so far?,
416,What’s the first book you’ve read?,
417,How good are you at admitting when you are wrong?,
418,What band are you dying to see live?,
419,What is the dumbest commercial you’ve ever seen?,
420,What is the worst quality a person can have?,
421,What would a world populated by clones of you be like?,
422,What is the unluckiest thing to ever happen to you?,
423,What’s the most annoying noise?,
424,What style of design do you think is the perfect match for you when it comes to houses?,
425,What’s the shadiest thing you’ve seen someone do?,
426,How many pizzas can you eat in a minute?,
427,What are those things you're too old to do but you still enjoy?,
428,What horror story do you have from a job you’ve had?,
429,How self-motivated are you?,
430,"If your life was a reality show, what would the premise be?",
431,What would be the title of the movie of your life?,
432,What is the most expensive thing you’ve ever lost?,
433,When was the last time you got to tell someone “I told you so.”?,
434,What inconsequential super power would you like to have?,
435,When was the last time you cried?,
436,Are you an impulsive type of person?,
437,What memory of yours feels real but is most likely false?,
438,What’s the craziest video you’ve ever seen?,
439,Do you still remember the place where we first met?,
440,"Out of the four seasons, what’s your favorite one?",
441,Which fictional book character would like to meet in the future?,
442,Do you judge a book on its cover?,
443,Do you believe in second chances?,
444,What is the most overrated movie?,
445,What are the songs that make you sing along whenever you hear it?,
446,What is the spiciest thing you’ve ever eaten?,
447,What happens in your country regularly that people in most countries would find strange or bizarre?,
448,What’s the clumsiest thing you’ve done?,
449,Do you like to save more or spend more?,
450,What kind of people do you surround yourself with?,
451,Have you ever thrown someone an extravagant party?,
452,What’s your least favorite condiment?,
453,Which one do you prefer: summer or winter?,
454,What is one thing you wish you knew in high-school?,
455,What’s your most embarrassing moment in grade school?,
456,What’s the funniest joke you know by heart?,
457,What’s the most beautiful part of your face?,
458,What makes you the proudest?,
459,Which toy do you wish didn't exist?,
460,What actors or actresses can’t play a different character because they played their most famous character too well?,
461,"What’s something that everyone, absolutely everyone, in the entire world can agree on?",
462,What is your most cherished possession?,
463,What feels like a lifetime ago but was relatively recent?,
464,Would you rather visit your ancestors in the past or meet your descendants in the future?,
465,What job do you think won’t exist anymore in the future?,
466,Can you show me your oldest item inside your closet?,
467,Would you break the law to save a loved one?,
468,What outdated slang do you use on a regular basis?,
469,What’s the most depressing meal you’ve eaten?,
470,"Who did you use to look up to, but they screwed up and you lost faith in them?",
471,How much of a role do you think A.I. will play in the near future?,
472,What’s the craziest conversation you’ve overheard?,
473,How did your parents meet?,
474,How do you think the internet would change if all advertising was banned on the internet?,
475,What’s the silliest thing you’ve seen someone get upset about?,
476,How do you inspire other people?,
477,"If you couldn’t be convicted of any one type of crime, what criminal charge would you like to be immune to?",
478,What’s the weirdest thing about modern life that people just accept as normal?,
479,What is the luckiest thing to ever happen to you?,
480,When was the last time you were hopelessly lost?,
481,What traits did you get from your parents?,
482,What’s the weirdest thing that has happened to you while working at your job?,
483,What is your biggest accomplishment in life?,
484,What are you not phased by?,
485,"If you could have any animal as a pet, what would you choose?",
486,What special skill would you want to have?,
487,What advice would you give your 5-year-old self?,
488,Where would you go if you could teleport yourself from one place to another?,
489,Do you get bored easily?,
490,What’s the most epic way you’ve seen someone quit or be fired?,
491,Do you believe in karma?,
492,What would our friendship be called if it was a comedy movie?,
493,What’s the most addictive game for you?,
494,What did you think was going to be amazing but turned out to be horrible?,
495,What are the musical instruments you can play?,
496,What’s the funniest actual name you’ve heard of someone having?,
497,Whats your biggest fear?,
498,What would the adult version of an ice-cream truck sell and what song would it play?,
499,What’s the scariest thing you’ve ever seen?,
500,"What songs do you feel compelled to sing along with when you hear them, even if you don’t totally know all the words?",
501,What are your top 5 favorite fast-food restaurants?,
502,Do you have any useless talents?,
503,What is the best complement you’ve ever received?,
504,"If you could dedicate your life to solving one problem, which would you choose?",
505,What are some of the most common misconceptions?,
506,What is the most irritating sound?,
507,What’s the last movie you watched?,
508,What is something you always travel with?,
509,What do you know the most about?,
510,Who is your greatest enemy?,
511,Are you a morning person or a night person?,
512,Have you ever had a paranormal experience?,
513,What weird food do you love?,
514,What is your favorite accessory?,
515,"What’s legal now, but probably won’t be in 25 years?",
516,What was one experience that you were hesitant to try but are really glad you did?,
517,What product or service is way more expensive than it needs to be?,
518,What was the best part about college?,
519,What bizarre food pairing do you love?,
520,What are a couple of your favorite quotes?,
521,What do you do to make the world a better place?,
522,"Would you rather fight a horse-sized duck, or a 100 duck-sized horses?",
523,Do you believe in aliens?,
524,How much do you recycle?,
525,What is the best part of this period your life? What do you think you’ll be nostalgic for?,
526,What is your favorite sports team?,
527,Where do you see yourself in the next 5 years?,
528,What’s the best gift you’ve ever given someone?,
529,What movie makes you laugh even after watching it several times?,
530,How much time do you spend on your phone?,
531,Can you do your best impression of someone famous?,
532,What’s the last food you ate?,
533,"What does the opposite sex do that you wish that you could do, but it’s not anatomically feasible or it’s socially frowned upon?",
534,What are the things I do that you wish I would stop doing?,
535,Do you think you are good leader or would make a good leader? Why or why not?,
536,What’s the food you usually refuse to share?,
537,What is your favorite indoor activity?,
538,"If you were a pair of shoes, what brand would you like to be?",
539,What do people usually come to you for advice on?,
540,Who is your childhood best friend?,
541,What expression do you use the most?,
542,What is the perfect room temperature?,
543,When was the last time you went camping?,
544,"If you had to disappear and start a whole new life, what would you want your new life to look like?",
545,What did you learn today?,
546,What are some of the most interesting facts about the natural world you know?,
547,What has been the longest time you had to wait for someone?,
548,What’s a movie that made you cry from laughter?,
549,What was the most important appointment or deadline you missed?,
550,What is your all-time favorite movie?,
551,What is the absolute worst last name someone can have?,
552,What are you a stickler for?,
553,What was one of the most interesting concerts you’ve been to?,
554,What was your favorite book as a kid?,
555,How much do you plan / prepare for the future?,
556,"If you could be any type of object, what would you like to be?",
557,"If you were given a PhD degree, but had no more knowledge of the subject of the degree besides what you have now, what degree would you want to be given to you?",
558,"For a day, would you rather be a hobbit or an elf?",
559,What is one bad habit we are all better off without?,
560,Can you carry an elephant?,
561,What’s the scariest non-horror movie?,
562,What’s the most anxiety inducing thing you do on a regular basis?,
563,What story you’ve heard has stayed with you and always disturbs you every time you think about it?,
564,What’s your worst personality trait?,
565,What’s the opposite of a koala?,
566,In what area of life do you not trust your judgment?,
567,What’s the most trouble you’ve ever been in?,
568,What obstacles would be included in the World’s most amazing obstacle course?,
569,What syrup do you like with your pancake: honey or chocolate?,
570,What makes your day better?,
571,What do you usually do during weekends?,
572,"What’s the most boring sport, and what would you do to make it more exciting?",
573,What unethical experiment would have the biggest positive impact on society as a whole?,
574,What's the fanciest event you've ever attended?,
575,What’s the most awkward thing that happens to you on a regular basis?,
576,What is your current favorite TV show?,
577,Are you an indoor or outdoor person?,
578,"If dark chocolate is the only available food in this planet, would you eat it?",
579,"Tear gas makes people cry and laughing gas makes people giggle, what other kinds of gases do you wish existed?",
580,Do you like to stalk someone on social media?,
581,What is your worst daily habit?,
582,What’s your secret talent?,
583,Do you think life after death is really possible?,
584,What’s incredibly cheap and you would pay way more for?,
585,What do you spend the most time worrying about?,
586,Which celebrity would you want to be friends with in real life?,
587,What is a memorable mess you had to clean up?,
588,What common expression is total B.S.?,
589,Who do you feel like you know even though you’ve never met them?,
590,What was your happiest age?,
591,How many times has your heart been broken?,
592,What is the creepiest thing anyone has ever said to you?,
593,What are you currently worried about?,
594,Who has zero filter between their brain and mouth?,
595,When was the time you felt really proud of me?,
596,What food do you crave most often?,
597,What one person did you have on your wall in high-school?,
598,What are the facts about you that you think I would find difficult to believe?,
599,Who do you wish you could get back into contact with?,
600,What’s a movie that made you cry from sadness?,
601,What do a lot of people hope will happen but is just not going to happen?,
602,What app do you check the most?,
603,Which one do you like: foot massage or hand massage?,
604,What is the most scared you’ve ever been?,
605,Who do you go out of your way to be nice to?,
606,What’s your favorite TV show of all time?,
607,What’s something that you don’t know that you want to learn?,
608,"If you could make one word famous, what would it be?",
609,What is your dream for me?,
610,Which one do you prefer: being controlled or be in control?,
611,"If you could be part of another family, whose family would it be?",
612,What is your dream laptop?,
613,What was your favorite childhood snack?,
614,What’s something people don’t worry about but really should?,
615,Which celebrity has let fame get to their head the most?,
616,What’s your funniest story involving a car?,
617,What’s your best story from a wedding?,
618,"What’s something that people think makes them look cool, but actually has the opposite effect?",
619,Could you describe your favorite material object that you already have?,
620,What qualities do all your friends have in common?,
621,Who was your craziest / most interesting teacher?,
622,Where do you like to go right now?,
623,Who you share the last slice of cake with if there was just one piece left at your birthday party?,
624,What was your biggest childhood fear?,
625,Who’s the messiest person you’ve ever known?,
626,What’s the coldest you’ve ever been?,
627,What are some misconceptions about your hobby?,
628,Would you rather go back in time or forward in time?,
629,What’s the weirdest Halloween costume you have ever worn in your entire life?,
630,What topic could you spend hours talking about?,
631,What is the coolest animal in the wild?,
632,What big event do you think will happen soon that most people aren’t expecting?,
633,"In the past people were buried with the items they would need in the afterlife, what would you want buried with you so you could use it in the afterlife?",
634,How well do you handle spicy food?,
635,"When was the last time you were snooping, and found something you wish you hadn’t?",
636,What do you like most about going to the beach?,
637,Which celebrity is the most likely to have a collection of canes that are just for show?,
638,What songs do you only know the chorus to?,
639,Do you have a green thumb or hands of death when it comes to plants? What roughly is your kill / grow ratio?,
640,Do you think millennials are as bad as everyone says?,
641,What routine are you sick of but haven’t gotten around to changing it?,
642,What TV show character would it be the most fun to change places with for a week?,
643,When was the last time you stayed up through the entire night?,
644,Who should everyone follow on social media?,
645,"Most cultures have some form of dance, what benefit do you think dancing gave to early humans?",
646,What were some of your favorite toys as a child?,
647,Which animal would you want to have a conversation with?,
648,"What age would you prefer if you could choose any age for the rest of your life, and why?",
649,"What sport could you play the longest in a televised game, without anyone discovering you aren’t a professional athlete?",
650,What’s your greatest philosophy in life?,
651,What book do you wish you had read even though you don’t want to read it?,
652,What’s missing in your life right now?,
653,Would you rather have a massage or get a facial?,
654,Do you think that children born today will have better or worse lives than their parents?,
655,Who is the most creative person you know?,
656,What have you wasted way too much time on?,
657,What word can you never spell right?,
658,What was something you really wanted to do as a kid but never had the opportunity to do?,
659,Did you ever think you had superpowers as a child?,
660,How would you pass the time if you were sentenced to jail for a year?,
661,Who is the most impressive famous person today?,
662,"If you could sit on a bench in the middle of a beautiful forest, who would you like to sit next to you and why?",
663,What emoji do you use the most?,
664,What’s about to get much better?,
665,What was the most terrifying experience of your life?,
666,What nicknames do you have for people in your life?,
667,What always makes you feel like a kid again?,
668,"If people receive a purple heart for bravery, what would other color hearts represent?",
669,What subject do you wish you knew more about?,
670,What job would you be terrible at?,
671,What’s your favorite action movie?,
672,How many countries have you visited so far?,
673,What’s a food trend you hate?,
674,What would you teach every girl on the planet about men if you had the chance?,
675,What’s your favorite sport?,
676,What would you do if ever we were given a special time together?,
677,What are you interested in that most people aren’t?,
678,What do you think about when you hear the word “classy”?,
679,Who was your favorite classmate?,
680,"If you could have one magic power, what would it be?",
681,What’s the most beautiful country you’ve ever visited?,
682,What would you like to be remembered for?,
683,What could you always use more of?,
684,What are the three most important life lessons you’ve learned?,
685,What are some pieces of art that had a big impact on you?,
686,What’s the spiciest thing you’ve ever eaten?,
687,What’s the best advice you could give your future children?,
688,What’s the hardest you’ve ever worked?,
689,"Do you prefer to be too hot or too cold, and why?",
690,What did you eat so much of that now you hate it?,
691,Do you think some adversity is good for a person? How much is too much?,
692,Do you think that wanting things necessarily leads to more sadness and misery?,
693,What’s your cure for hiccups?,
694,What do you do to relax and let off steam?,
695,Can you describe to me your relationship with your dad?,
696,"What character in a movie could have been great, but the actor they cast didn’t fit the role?",
697,Which celebrity would make you the most starstruck?,
698,What are your pet peeves?,
699,What was the best thing that happened to you today?,
700,How could you politely end a conversation with a person who is so annoying?,
701,What’s your good luck charm?,
702,Who in your life is the worst at using technology?,
703,What always makes you smile?,
704,What is something you’re happy you’ll never have to do again?,
705,What are some red flags to watch out for in daily life?,
706,What would your last meal be?,
707,What’s your favorite month?,
708,"If you could have coffee with anyone living or dead, who would it be?",
709,What usually scares you the most?,
710,Do you know any funny pick-up lines?,
711,What is your go-to dish in the kitchen?,
712,What’s your favorite place to hang out?,
713,Has anyone given you a strange gift?,
714,What is your favorite accent?,
715,What makes you feel most alive?,
716,What are your most important rules when going on a date?,
717,What small change greatly improves a person’s appearance?,
718,What’s been the biggest blessing in disguise in your life?,
719,What qualities do you want in a partner who will be with you for the rest of your life?,
720,What is something that will never go out of style?,
721,Would you spend a thousand dollars on food?,
722,What innovative idea or product have you heard about recently?,
723,What mythical creature do you wish actually existed?,
724,If you could teach any subject in school what would it be?,
725,What’s the worst movie trope?,
726,What food should taste better than its appearance?,
727,What should be a required subject in school?,
728,What will you tell your past self?,
729,What’s the smartest thing you’ve seen an animal do?,
730,What was the worst shopping experience you’ve ever had?,
731,"If you could classify people as being 2 types, what would they be?",
732,What was the most amazing physical feat you’ve managed to pull off?,
733,What is the craziest thing you’ve done this week?,
734,Which actor or actress is a one trick pony?,
735,How competitive are you?,
736,Can you guess what I’m thinking right now?,
737,Did you play sports growing up?,
738,What is the saddest thing you’ve ever seen?,
739,Which language do you wish you were fluent in?,
740,Where are you not welcome anymore?,
741,What is your most prized possession?,
742,What is your most impressive dance move?,
743,Which of your vices or bad habits would be the hardest to give up?,
744,What movie are you going to make if you become a filmmaker?,
745,What’s the most creative use of emojis you’ve ever seen?,
746,What did you buy recently?,
747,What product do you wish a company would make a “smart” version of?,
748,Are you afraid of ghosts?,
749,"What sports if any do you like to watch? If you aren’t into traditional sports, weird and uncommon sports count too.",
750,"If there was a book of commandments for the modern world, what would some of the rules be?",
751,When was the last time you immediately regretted something you said?,
752,How do you think countries could allocate their resources better?,
753,What is the worst backhanded compliment you’ve ever received?,
754,What’s the funniest word in the English language?,
755,Do you think celebrities can ever live normal lives?,
756,Have you ever counted your steps while walking?,
757,How big of a part of success does luck play?,
758,What game are you basically unbeatable at?,
759,What was the name of your first pet?,
760,"When no one is around, what do you like to wear?",
761,What’s your “and then it got worse” story?,
762,Did you ever think that clowns were creepy?,
763,What do you think about reality TV shows?,
764,Do you plan to have kids?,
765,"If you had a giraffe that you needed to hide, where would you hide it?",
766,What was the best year of your life?,
767,"When you reach the age of 80, what will matter the most to you?",
768,What are your phobias?,
769,What would be the worst food to be liquefied and drunk through a straw?,
770,What appliance would you have the hardest time doing without?,
771,Have you ever been fired?,
772,What’s the most disgusting sounding word in the English language?,
773,How would you describe me based on my outside appearance?,
774,How do you deal with feeling overwhelmed?,
775,What is your favorite movie to quote?,
776,How much sleep do you usually get?,
777,What would you be if you had to wear one Halloween costume every day for the rest of your life?,
778,"Without calling 911 when you are in danger, what would you do instead?",
779,What is something you saw that you wish you could un-see?,
780,What do you think God looks like?,
781,When was a time you acted nonchalant but were going crazy inside?,
782,What is the last show you binge-watched?,
783,What sport will be invented next?,
784,What questions would you like to ask a time traveler from 200 years in the future?,
785,How many of your Facebook friends are your actual friends?,
786,What famous person are you a little too obsessed with?,
787,Who would you want to portray your life story in a movie?,
788,What’s the best advice you’ve ever received?,
789,What is your favorite day of the week?,
790,What’s the most reckless thing you’ve ever done?,
791,"When the doctor says, ""You have 24 hours to live,"" what will you do with the time you have left?",
792,What bad habit is the hardest for you to kick?,
793,What is the most ridiculous fact you know?,
794,What’s the most physically painful thing you’ve ever experienced?,
795,Should kidneys be able to be bought and sold?,
796,What’s the most expensive thing you’ve ever purchased?,
797,What’s the worst thing about the internet?,
798,Would you rather take a walk through a forest or along a beach?,
799,When was the last time you’ve felt your biggest adrenaline rush?,
800,Do you think that humans will ever be able to live together in harmony?,
801,What two films would you like to combine into one?,
802,"If you were stuck on a deserted island, what is the one thing you couldn’t live without?",
803,What weird food combinations do you really enjoy?,
804,What was the biggest realization you had about yourself?,
805,Have you ever stolen food from the refrigerator and blamed it on someone?,
806,What current trend do you hope will go on for a long time?,
807,What’s your go-to cocktail?,
808,What trend do you think is on the way out?,
809,What bit of trivia do you know that is very interesting but also very useless?,
810,What’s the most boring super hero you can come up with?,
811,What’s your favorite social media account to follow?,
812,What is the most exciting thing going on in your life right now?,
813,What’s the best / worst practical joke that you’ve played on someone or that was played on you?,
814,How old were you when you were allowed to have a cellphone?,
815,"If you survived a plane crash, what would you do next?",
816,"If you were moving to another country, but could only pack one carry-on sized bag, what would you pack?",
817,What do you always procrastinate on?,
818,"Are you more of a ""fix it yourself"" or ""call an expert"" kind of person?",
819,"What do you think of the expression, “Love means never having to say you’re sorry”?",
820,What’s the best type of cheese for you?,
821,What are the things you’d bring in a zombie apocalypse?,
822,When was the most inappropriate time you busted out in laughter?,
823,Fun Questions to Ask Friends,
824,What was the worst day of your life?,
825,What is the nicest thing anyone has ever said to you?,
826,What karaoke song do people always butcher?,
827,What is the most common lie people tell themselves?,
828,What scientific discovery would change the course of humanity overnight if it was discovered?,
829,"What kind of company would you start if I offered you $50,000 to start one?",
830,Have you ever burned any bridges?,
831,What’s the most valuable thing you’ve learned in life?,
832,What's the craziest bet you have ever made?,
833,What’s the most recent show you’ve binge watched?,
834,What’s your Pandora station?,
835,What TV series could you watch several times?,
836,What age would you like to live to?,
837,Who is your favorite superhero?,
838,What do you think you do better than 90% of people?,
839,Which do you listen to the most: your heart or your brain?,
840,What’s the weirdest text or email you’ve gotten?,
841,What is your favorite sleeping position of all time?,
842,What is the weirdest superstition you’ve ever heard?,
843,Where do you draw your inner strength?,
844,What profession doesn’t get enough credit or respect?,
845,What movie should everyone see at least once?,
846,Which reality show would you want to be a guest star on?,
847,What’s your lucky number?,
848,"If you could switch two movie characters, what switch would lead to the most inappropriate movies?",
849,What was ruined because it became popular?,
850,What weird potato chip flavor that doesn’t exist would you like to try?,
851,What’s the most pleasant sounding accent?,
852,Do you believe aliens exist?,
853,"What invention doesn’t get a lot of love, but has greatly improved the world?",
854,Do you actively post on social media?,
855,What is the stupidest cliche expression right now?,
856,What’s the worst thing you ate from a fast food restaurant?,
857,"If you could create a TV channel, what would it be?",
858,"How would your country change if everyone, regardless of age, could vote?",
859,How do you make yourself sleep when you can’t seem to get to sleep?,
860,Can you name 5 things that are hidden inside your bedroom?,
861,What is the worst TV advertisement you’ve seen recently?,
862,Would you rather be a hero or a villain in a movie?,
863,Would you drink milk if it was past the expiration date but smelled fine?,
864,"What’s something that will always be in fashion, no matter how much time passes?",
865,How much faith do you put in humanity?,
866,What’s your worst example of procrastination?,
867,What would the polar opposite of you be like?,
868,Which protagonist from a book or movie would make the worst roommate?,
869,Do you believe in horoscopes?,
870,What is the most amazing slow motion video you’ve seen?,
871,What vegetable would you be if you were a vegetable?,
872,What are the things you’d spend with a billion dollars?,
873,What is the strangest room or building you’ve been in?,
874,Do you like things to be carefully planned or do you prefer to just go with the flow?,
875,What’s the coolest animal you’ve seen in the wild?,
876,What makes you jealous?,
877,What’s the funniest TV show you’ve ever seen?,
878,What brand are you most loyal to?,
879,How many times have you traveled by sea?,
880,"If you could create a job based on your biggest talent, what would you be?",
881,What is one important life lesson everyone should learn?,
882,What elements of pop culture will be forever tied in your mind to your childhood?,
883,What was your worst subject in school?,
884,What’s some insider knowledge that only people in your line of work have?,
885,What fashion trend makes you cringe or laugh every time you see it?,
886,Who is your favorite YouTube vlogger?,
887,What’s quickly becoming obsolete?,
888,How long would you choose to live given the choice of any number of years?,
889,"If you could know the truth behind every conspiracy, but you would instantly die if you hinted that you knew the truth, would you want to know?",
890,What social stigma does society need to get over?,
891,What’s your favorite lullaby?,
892,What would you do for an extra hour if you had 25 hours in a day?,
893,Do you prefer to bake or cook?,
894,What’s your go to casino game?,
895,What’s your haunted house story?,
896,"If you were given one thousand acres of land that you didn’t need to pay taxes on but couldn’t sell, what would you do with it?",
897,Who would you like to trade lives with for a day?,
898,What’s something that all your friends agree on?,
899,What is one thing you wish you could understand about the opposite sex?,
900,What’s the weirdest thing you’ve found lying on the ground / side of the road?,
901,What is the best way to wind down at the end of a long day?,
902,What is one overrated food trend?,
903,What has been blown way out of proportion?,
904,What movie or book do you know the most quotes from?,
905,What are the childish acts you still enjoy doing up until now?,
906,What skill would you like to master?,
907,In what ways are you stronger than you look?,
908,What’s the most annoying thing about the social media platform you use most often?,
909,What’s the best thing to do when you’re alone?,
910,How judgmental are you?,
911,Who is your all-time favorite Disney character?,
912,What was cool when you were young but isn’t cool now?,
913,What are some of your happiest childhood memories?,
914,"If you could change your name for a day, what would it be?",
915,What is your favorite odd food pairing?,
916,What app can you not believe someone hasn’t made yet?,
917,What company do you despise?,
918,Do you like listening to podcasts?,
919,Who is your favorite artist or what is your favorite art style?,
920,What are the challenges you never gave up on?,
921,It’s the year 2028 – what are you doing?,
922,Who is the tallest member of your family?,
923,When was the last time you didn’t go to sleep until the sun came up?,
924,Have you ever thought of having plastic surgery?,
925,"If you wanted to slowly drive a roommate insane using only notes, what kind of notes would you leave around the house?",
926,What’s the most worn item in your closet?,
927,How comfortable are you speaking in front of large groups of people?,
928,How ambitious are you?,
929,What would you want to come back as in your next life?,
930,What is one thing you still have from your childhood?,
931,What seemingly innocent question makes you think “It’s a trap!”?,
932,"If you could have any superpower, what would it be?",
933,What is the scariest animal in the world?,
934,What is your best daily habit?,
935,What’s your favorite type of funny video to watch?,
936,"What was the last situation where some weird stuff went down and everyone acted like it was normal, and you weren’t sure if you were crazy or everyone around you was crazy?",
937,What do you hate most and love most about your car / bike if you own one?,
938,What items are always in your fridge?,
939,Who do you not trust among your friends?,
940,Have you ever or would you ever try cosplay?,
941,What is your favorite inspirational quote?,
942,Have you found your place in the world? How common or uncommon do you think it is to feel like you’ve found your place in the world?,
943,What words of advice would you offer to your younger self?,
944,What’s the certain product you couldn’t live without?,
945,How do you deal with a stressful environment?,
946,Would you like to be famous someday?,
947,What’s one body part that you wouldn’t even mind losing?,
948,Where did you tie the knot?,
949,Who is your favorite comedian?,
950,What fictional characters have you had a crush on over the years?,
951,"In your own opinion, how smart are you?",
952,What is one piece of advice you wished you’ve seriously taken?,
953,What is a change you know you should make in your life but can’t seem to actually do?,
954,What three “tribes” do you feel closest to?,
955,"If you could bring one musician back from the dead, who would it be?",
956,What conspiracy theory do you wish you knew the truth behind?,
957,What would you name your car?,
958,What has been your greatest kitchen mistake?,
959,Do you see yourself as creative?,
960,What’s something that I don’t know?,
961,What was your first job?,
962,What household chore do you hate doing the most?,
963,What’s the sexiest animal in the animal kingdom?,
964,What’s the most addicted to a game you’ve ever been?,
965,What three things did your past relationship teach you?,
966,Which of the politicians would you like to marry?,
967,Have you already experienced writing a journal?,
968,What is your most shameful drunken mistake?,
969,How was your wedding?,
970,What’s the most interesting building you’ve ever seen or been in?,
971,What are the things that drive you crazy?,
972,What time do you usually wake up?,
973,What kinds of things do you like to cook or are good at cooking?,
974,What’s the coolest thing you own?,
975,What choice would you make in a prisoner’s dilemma with a total stranger? How about with a friend or family member? *,
976,What’s the meaning of your name?,
977,Which movies do you never change the channel on?,
978,Why does it still rain in the movies when there is a funeral and then stop right after the burial?,
979,What is so special about you?,
980,When was the last time you used “yolo” as an excuse to do something?,
981,What’s the most comfortable bed or chair you’ve ever been in?,
982,What song or artist are you into at the moment?,
983,When is the last time you had a good cry?,
984,Where would you relocate if you were forced to leave the country?,
985,Which celebrity would you rate as a perfect 10?,
986,What’s your favorite store or type of store to walk around in? How about your least favorite?,
987,How many pairs of shoes do you have?,
988,"When did something start out badly for you but in the end, it was great?",
989,What from your childhood are you most nostalgic for?,
990,What would your dream job be?,
991,What’s something you really resent paying for?,
992,What is the most annoying thing people post on social media?,
993,Do you want to have a cat as a companion or do you want to be a cat instead?,
994,What about humans confuses you the most?,
995,"If you were ever bullied as a child, what did you do about it?",
996,What is your favorite topic to talk about?,
997,What are the things you wish you could easily forget?,
998,What are the three scents you like?,
999,What is your most favorite holiday?,
1000,"What do a lot of people have very strong opinions about, even though they know very little about it?",
1001,What near future predictions do you have?,
1002,What is your main reason for getting out of bed every day?,
1003,What country is the strangest from your cultural stand point?,
1004,What’s wrong but sounds right?,
1005,"If you could have lunch with one person from history, who would it be?",
1006,Do you think people are wiser now than they were 100 years ago? Why or why not?,
1007,What’s the best sandwich you’ve ever had?,
1008,What is legal that should really be illegal?,
1009,What’s the best and worst thing about the country you are from?,
1010,Have you ever tripped and fallen in front of a lot of people?,
1011,What is the stupidest song ever written?,
1012,What is your biggest life regret?,
1013,Is a hot dog a sandwich?,
1014,What movie can you watch over and over without ever getting tired of?,
1015,Would you choose to live for another 100 years or start over from the beginning?,
1016,"If someone narrated your life, who would you want to be the narrator?",
1017,What are you waiting for?,
1018,What new language would you like to learn most?,
1019,What is one thing you can’t live without?,
1020,Are you afraid of going near robots?,
1021,What is your favorite dance move when you were a kid?,
1022,Do you get thirsty in the middle of the night?,
1023,What are some red flags and green flags for a new friendship?,
1024,"If you were a clown themed super hero, what powers would you have?",
1025,"If you were given five million dollars to open a small museum, what kind of museum would you create?",
1026,"If you owned a restaurant, what kind of food would it serve?",
1027,Who do you always go to first for advice?,
1028,Do you feel any pressure right now?,
1029,How do you want to die?,
1030,What’s the most exotic food you’ve ever eaten?,
1031,What are some of your favorite things to do outside?,
1032,What’s the cutest thing you can imagine? Something so cute it’s almost painful.,
1033,What is one thing you have no patience for?,
1034,What has someone borrowed but never given back?,
1035,"Which do you prefer, shopping online or in person?",
1036,Does Christmas mean something special to you?,
1037,What are some of the dumbest lyrics you’ve heard in a song?,
1038,What “old person” habits do you have?,
1039,What’s your best story of you or someone else trying to be sneaky and failing miserably?,
1040,How often do you replace your bedsheets?,
1041,"If you have a million, what are the things you wouldn’t spend?",
1042,What is the first concert you ever attended?,
1043,Do you think silence is relaxing or unnerving? Why do you think other people might feel the opposite way?,
1044,What was your best subject in school?,
1045,Where is the best place you’ve been for taking walks?,
1046,What accent do you find the most annoying?,
1047,What are the hobbies you want to develop?,
1048,What is your favorite movie that came out in the last year?,
1049,Do you believe in ghosts?,
1050,"If you were given unlimited resources, how would you lure the worst of humanity into one stadium at the same time?",
1051,You have an hour of free time- what do you do?,
1052,What is the best movie introduction of all time?,
1053,What season best fits your personality?,
1054,What’s the worst food you’ve ever eaten?,
1055,What are the foreign languages you’d like to master?,
1056,What is always worth the splurge versus save?,
1057,Will you be willing to move to another country without your friends and family?,
1058,"If you could re-live one year of your life, which would it be?",
1059,How long was your last relationship with your boyfriend/girlfriend?,
1060,What is one mistake you seem to make over and over again?,
1061,What was the best concert you’ve ever been to?,
1062,Which celebrity or band has the worst fan base?,
1063,When was the last time you yelled at someone?,
1064,What country do you have no desire to ever visit?,
1065,What is the best museum or strangest museum you have been to?,
1066,Which word would you use if you could only use one for the rest of your life?,
1067,What’s your most favorite family tradition?,
1068,What is an instant attraction killer?,
1069,What’s the funniest comedy skit you’ve seen?,
1070,Has anyone tried to kill you?,
1071,Why do you think in western society it has been relatively uncommon for men to wear make up?,
1072,Would you rather stay in or go out on a Friday night?,
1073,"In general, is it better for a person to stand out and be different or blend in with everyone else?",
1074,"Think of a brand, now what would an honest slogan for that brand be?",
1075,What’s your favorite board game?,
1076,What is the craziest thing you’ve done in school?,
1077,What’s the oldest thing you own?,
1078,What do you do when you feel like you are in a rut?,
1079,What’s your favorite car brand?,
1080,When is censorship warranted?,
1081,"If you were given the chance to steal something, what would it be?",
1082,What are the two things you’d like to ask your pet?,
1083,Have you ever been caught while sneaking outside the house?,
1084,Would you want the ability to hear the thoughts of people near you if you couldn’t turn the ability off?,
1085,What is the single most important thing a single individual can do to further the greater good?,
1086,Do you watch the full ad on YouTube or you just skip them?,
1087,What movie role was horribly miscast?,
1088,What was your favorite age?,
1089,What do you usually daydream about?,
1090,What’s the most rage inducing game you’ve ever played?,
1091,What are some of the best vacations you’ve had?,
1092,What escalated very quickly?,
1093,What is the strangest thing your teacher has ever done?,
1094,What is your favorite song lyric?,
1095,What would you do if you become lost in a city you aren’t familiar with?,
1096,What is the most embarrassing moment you had in your workplace?,
1097,What were you completely certain of until you found out you were wrong?,
1098,Is technology a blessing or a curse?,
1099,What is the highest degree of pain you've ever experienced on a scale of 1-10?,
1100,What is the most absurd thing you've been tricked into doing or believing?,
1101,What do you wish you could remember more clearly?,
1102,Do you believe in free will or destiny?,
1103,Where is the most enchanting place you’ve been?,
1104,Will you ever imagine having a child named after you?,
1105,What’s the most overrated product out on the market?,
1106,Are you superstitious about anything?,
1107,What word is a lot of fun to say?,
1108,What’s the biggest overreaction you’ve ever seen?,
1109,What time were you born?,
1110,"Which way should toilet paper hang, over or under?",
1111,What are the things that take up too much of your time?,
1112,What would you like to change in this country if you were chosen as the president?,
1113,What is your most-used emoji?,
1114,What odd smell do you really enjoy?,
1115,What outfit could you put together from clothes you own to get the most laughs?,
1116,What’s the best thing about the internet?,
1117,Which of the Seven Dwarfs resembles you the most?,
1118,What activities make you feel most like yourself?,
1119,"Which year would you visit if you could travel back in time 1,000 years?",
1120,Who would you want to trade lives with?,
1121,Would you rather AI and scientists oversee a country’s policies or politicians?,
1122,"If you could hack into any one computer, which computer would you choose?",
1123,What habit do you have now that you wish you started much earlier?,
1124,What’s the extreme challenge in your life that you’ve already overcome?,
1125,Have you ever been caught staring at the opposite gender?,
1126,What do you like and dislike about your city or town?,
1127,What is your favorite viral video?,
1128,"An epic feast is held in your honor, what’s on the table?",
1129,What’s your grossest bug story?,
1130,What’s the dumbest thing someone has argued with you about?,
1131,What do you usually eat for breakfast?,
1132,What store can you not go into without buying something?,
1133,Have you ever been caught in a lie?,
1134,What happens regularly that would horrify a person from 100 years ago?,
1135,"When you are old, what do you think children will ask you to tell stories about?",
1136,What is something we will never know the answer to?,
1137,What is your favorite way to waste time?,
1138,Do you ever dream of living somewhere else?,
1139,What’s the most ridiculous thing you have bought?,
1140,What unhealthy snack can you not get enough of?,
1141,What is something everyone should be trained to do?,
1142,Do you think you would enjoy a love-hate relationship with someone?,
1143,"If you could be great in only one sport, which sport would you choose?",
1144,Where would you rather be: a place with no food but has water or with food but has no water?,
1145,What did you like / dislike about where you grew up?,
1146,What charities are closest to your heart?,
1147,What was the biggest plot twist of all time?,
1148,What do you want me to tell you?,
1149,What word do you always mispronounce?,
1150,What would the box with all your hopes and dreams inside look like?,
1151,What’s better broken than whole?,
1152,What’s the weirdest thing on your bucket list?,
1153,"If you could get a completely truthful answer to one question, what would you ask?",
1154,What always cheers you up when you think about it?,
1155,"As a child, what did you think would be awesome about being an adult, but isn’t as awesome as you thought it would be?",
1156,What is the most annoying holiday?,
1157,What would be an accurate tag line for each month?,
1158,What food is delicious but a pain to eat?,
1159,What is something that’s true that nobody agrees with you on?,
1160,What’s the worst color that was ever invented?,
1161,Where are some unusual places you’ve been?,
1162,"If you could choose one imaginary friend, who is it going to be?",
1163,How much do you take care of your health?,
1164,Do you think flying cars will ever exist?,
1165,Are you scared of getting older?,
1166,What will be your reaction if you see a ghost?,
1167,What are your hidden talents?,
1168,What three things would you want with you if you were stranded on a desert island?,
1169,What’s the grossest food that you just can’t get enough of?,
1170,What is the first thing you do after getting home from a trip?,
1171,What’s the saddest scene in a movie or TV series?,
1172,What flower is your favorite?,
1173,What is the worst fashion trend of all time?,
1174,What is the strangest thing a guest has done at your house?,
1175,What riddles do you know?,
1176,What is the best song to describe your life right now?,
1177,"If you could meet anyone in this world today, who would you meet?",
1178,Who gave you the best compliment?,
1179,What do you think you are much better at than you actually are?,
1180,"If you could only drink coffee or tea for the rest of your life, which one would you choose?",
1181,"Which part of the roller coaster do you usually ride: the front, middle or back?",
1182,Do I look attractive to you?,
1183,What trend are you tired of?,
1184,Who inspires you the most?,
1185,What was the last book you read?,
1186,Do you keep a really big secret from someone/anyone?,
1187,Which film do you want to see turned into a musical?,
1188,"In what situations, do you wish you could throw down a smoke bomb and disappear?",
1189,Who gave you the weirdest gift?,
1190,What has been your worst nightmare?,
1191,What advice would you give your 13-year-old self?,
1192,Do you spend too much time playing games on your smartphone?,
1193,What was your favorite class in school?,
1194,Have you ever been totally wrong about something you were sure you were right about?,
1195,Who is the best movie villain?,
1196,Have you ever had a “this could only happen in the movie” moment?,
1197,Have you ever had to run from the police?,
1198,When was the last time you face palmed?,
1199,What’s the weirdest animal for you?,
1200,What’s are some of your Pavlovian responses?,
1201,What’s something common from your childhood that will seem strange to future generations?,
1202,What is one ability that you believe everybody should possess?,
1203,What little things make your day better?,
1204,What’s your favorite app?,
1205,"What’s something that everyone agrees we should change, but somehow it never changes?",
1206,If you were a graffiti artist what would your tag look like?,
1207,Are you a patient person? What are you patient with that most people aren’t and what do you have no patience for?,
1208,What was the last song you sang along to?,
1209,What’s the best concert you’ve been to? What made it so good?,
1210,What’s your favorite vacation spot?,
1211,"If you could only teach three things to your future child, what would it be?",
1212,Who has taught you the best lesson in life?,
1213,Do you know how to change a flat tire?,
1214,Would you rather have 20 hobbies or a single passion?,
1215,"Which of the two smells better, fresh-cut grass or bread baking in the oven?",
1216,"Have you ever dropped something on the floor, then picked it up and ate it?",
1217,What from the present will withstand the test of time?,
1218,"If you could be a Hollywood celebrity, who would you like to become?",
1219,Which store would you like if you could just shop at one for the rest of your life?,
1220,What is the dumbest way you've been hurt?,
1221,What was your most recent lie?,
1222,Which brand of smartphone do you dislike the most?,
1223,How do you judge a person?,
1224,Do you like cooking? What dishes can you make?,
1225,What’s the most beautiful beach you’ve been to?,
1226,When was the last time you felt you had a new lease on life?,
1227,What’s the most interesting documentary you’ve ever watched?,
1228,What actors or actresses play the same character in almost every movie or show they do?,
1229,Who is the most hardcore person you know?,
1230,What event in your life would make a good movie?,
1231,What features would you like to see in the next round of TV’s?,
1232,What movie universe would be the worst to live out your life in?,
1233,What is the grossest smell?,
1234,What animal would you most like to eat?,
1235,Who’s is the person you feel most comfortable around?,
1236,How do your friends usually describe you?,
1237,What is your most overused emoji?,
1238,"What do you look for when you buy clothes? (Good value, latest fashion, your own unique style, function, comfort, etc.)",
1239,What are you actually good at?,
1240,Who is your favorite athlete?,
1241,Have you ever taken anything out of your possession and failed to return it?,
1242,What two things are terrible when separate but great when you put them together?,
1243,What law would you like to make that every person should strictly follow?,
1244,Who is the worst celebrity to use as a role model?,
1245,Is there something you recently regret doing?,
1246,Which body part is your favorite?,
1247,Have you ever had a crush on a teacher?,
1248,What is the best name you could think for a cat?,
1249,What’s the creepiest tech out there?,
1250,What animal would be the most terrifying if it could speak?,
1251,What are some of your favorite memories with your family?,
1252,What were some of the non-tragic turning points in your life?,
1253,What is/was your favorite subject in school?,
1254,What are your hopes for the future?,
1255,Do you have any irrational fears?,
1256,What is the worst decision you’ve ever made?,
1257,What is your claim to fame?,
1258,Do you think that humans as a species have changed much in the last 2000 years? Not human technology but humans themselves. Why or why not?,
1259,What’s your best example of correlation not equaling causation?,
1260,What was the last photo you took?,
1261,What is one word to describe the country you’re from?,
1262,What’s the weirdest conversation you’ve eavesdropped on?,
1263,Are you an extrovert or introvert?,
1264,Who is the most manipulative person you’ve ever met?,
1265,What was the most unsettling film you’ve seen?,
1266,What is the most heartwarming thing you’ve ever seen?,
1267,Do you still keep secrets from mom/dad?,